{
  "title": "ZaitaDices",
  "description": "Additional Dice presets and themes for Dice So Nice. Requires Dice So Nice module to work.",
  "version": "1.0.0",
  "author": "Zaitazu",

  "scripts": [
    "scripts/dice.js"
  ],
  
  "id": "zaita_dices",
  
  "relationships": {
    "requires": [
      {
        "id": "dice-so-nice",
        "type": "module",
        "manifest": "https://gitlab.com/riccisi/foundryvtt-dice-so-nice/raw/master/module/module.json",
        "compatibility": {}
      }
    ]
  },
  
  "compatibility": {
    "minimum": "0.7.9",
    "verified": "11.0.0"
  },
  "url" : "",
  "manifest": "https://github.com/Zaitazu/ZaitaDices/releases/download/1.0.0/module.json"
  
}